<?xml version="1.0" encoding="UTF-8"?>
<!DOCTYPE struts PUBLIC
"-//Apache Software Foundation//DTD Struts Configuration 2.0//EN"
"http://struts.apache.org/dtds/struts-2.0.dtd">

<struts>
	<package name="default" extends="struts-default">
		<action name="register" class="action.RegisterAction">
			<result name="REGISTER">/register1.jsp</result>			
			<result name="login1">/login.jsp</result>
		</action>
		  <action name="login">  
			<result >login.jsp</result>  
			</action>  
		  
  		<action name="loginprocess" class="MyLogin">  
		<result name="success">loginsuccess.jsp</result>  
		<result name="error">loginerror.jsp</result>  
		</action>  
		  
		<action name="searchprocess" class="action.SearchAction">  
		<result name="success">search.jsp</result>  
		<result name="error">loginerror.jsp</result>  
		</action>
		
		<action name="logout" class="action.Login" method="logout">  
		<result name="success" >logoutsuccess.jsp</result>  
		</action>
		
		 <action name="updatedetails" class="action.UpdateAction">
			<result name="UPDATE">/update.jsp</result>
		</action>
		
		  <action name="login" class="action.Login">
			<result name="login1">/login.jsp</result>
		</action>
		 	<action name="report" class="action.ReportAction">
			<result name="REPORT">/report.jsp</result>
		</action>
		
		
		
	</package>
	
</struts>